sku,nome_exemplo,unidades,linha_proposta,linha_corrigida
8301001014,Camiseta Preta - G,143088,Camiseta Minimal,
8301001013,Camiseta Preta - M,141247,Camiseta Minimal,
8301001015,Camiseta Preta - GG,72319,Camiseta Minimal,
8301001012,Camiseta Preta - P,47421,Camiseta Minimal,
9301001023,Camiseta Branca GT- M,46130,Camiseta Minimal,
8301001044,Camiseta Azul - G,42563,Camiseta Minimal,
9301001024,Camiseta Branca GT- G,42426,Camiseta Minimal,
8301001043,Camiseta Azul - M,41909,Camiseta Minimal,
8301001114,Camiseta Preta - G - GOLA V,34554,Camiseta Minimal,
8301001113,Camiseta Preta - M GOLA V,33302,Camiseta Minimal,
8301001016,Camiseta Preta - XGG,29420,Camiseta Minimal,
8301001023,Camiseta Branca - M,27226,Camiseta Minimal,
8301001011,Camiseta Preta - PP,26350,Camiseta Minimal,
8301001033,Camiseta Cinza - M,23381,Camiseta Minimal,
8301002003,Cueca Preta Nova - G,22763,Cueca,
8301001034,Camiseta Cinza - G,22558,Camiseta Minimal,
8301001024,Camiseta Branca - G,21672,Camiseta Minimal,
8301001045,Camiseta Azul - GG,20982,Camiseta Minimal,
8301001073,Camiseta Verde - M,19917,Camiseta Minimal,
8301001115,Camiseta Preta - GG - GOLA V,19414,Camiseta Minimal,
9301001025,Camiseta Branca GT- GG,18712,Camiseta Minimal,
8301001074,Camiseta Verde - G,18395,Camiseta Minimal,
8301001017,Camiseta Preta - XXGG ,17571,Camiseta Minimal,
8301002002,Cueca Preta Nova - M,15980,Cueca,
8301007000,Carteira Minimal Club,15752,Carteira ⚠BRINDE?,
9301001022,Camiseta Branca GT- P,15262,Camiseta Minimal,
8301001042,Camiseta Azul - P,13718,Camiseta Minimal,
8301002004,Cueca Preta Nova - GG,11739,Cueca,
8301001144,Camiseta Azul - G - GOLA V,11360,Camiseta Minimal,
8301001143,Camiseta Azul - M - GOLA V,10998,Camiseta Minimal,
8301001022,Camiseta Branca - P,10935,Camiseta Minimal,
8301001035,Camiseta Cinza - GG,10860,Camiseta Minimal,
8301001112,Camiseta Preta - P - GOLA V,10821,Camiseta Minimal,
9301001124,Camiseta Branca GT- G - GOLA V,10500,Camiseta Minimal,
9301001123,Camiseta Branca GT- M - GOLA V,10497,Camiseta Minimal,
8301001123,Camiseta Branca - M - GOLA V,9378,Camiseta Minimal,
8301001075,Camiseta Verde - GG,8903,Camiseta Minimal,
8301001116,Camiseta Preta - XGG - GOLA V,8886,Camiseta Minimal,
8301001025,Camiseta Branca - GG,8584,Camiseta Minimal,
8301001046,Camiseta Azul - XGG,8447,Camiseta Minimal,
8401001014,Camiseta Fitness Preta - G,8383,Camiseta Fitness,
8301001032,Camiseta Cinza - P,8092,Camiseta Minimal,
8301001134,Camiseta Cinza - G - GOLA V,7851,Camiseta Minimal,
1301002112,Perfume Brinde 10ml,7839,Skincare/Perfume ⚠BRINDE?,
8301001133,Camiseta Cinza - M - GOLA V,7587,Camiseta Minimal,
8301001124,Camiseta Branca - G - GOLA V,7576,Camiseta Minimal,
8401001013,Camiseta Fitness Preta - M,7564,Camiseta Fitness,
8301001072,Camiseta Verde - P,6895,Camiseta Minimal,
9301001026,Camiseta Branca GT- XGG,6473,Camiseta Minimal,
8301001083,Camiseta Bordo - M,6465,Camiseta Minimal,
8301001145,Camiseta Azul - GG - GOLA V,6138,Camiseta Minimal,
8301001117,Camiseta Preta - XXGG - GOLA V,5934,Camiseta Minimal,
8301001093,Camiseta Mescla - M,5848,Camiseta Minimal,
8301002005,Cueca Preta Nova - XGG,5672,Cueca,
9301001021,Camiseta Branca GT- PP,5665,Camiseta Minimal,
8301001084,Camiseta Bordo - G,5388,Camiseta Minimal,
8301001094,Camiseta Mescla - G,5194,Camiseta Minimal,
9301001125,Camiseta Branca GT- GG - GOLA V,5125,Camiseta Minimal,
8301001041,Camiseta Azul - PP,5093,Camiseta Minimal,
8301001313,Camiseta ML Preta - M,4987,Camiseta Manga Longa ⚠,
4602001033,Calça Jeans Minimal Azul Médio Escuro 42,4941,Calça Jeans ⚠1.0/2.0?,
1301001011,Perfume 50ml Controle Estoque,4805,Skincare/Perfume ⚠BRINDE?,
4602001034,Calça Jeans Minimal Azul Médio Escuro 44,4684,Calça Jeans ⚠1.0/2.0?,
8301001047,Camiseta Azul - XXGG,4637,Camiseta Minimal,
1301002011,Amostra Perfume 1ml único,4554,Skincare/Perfume ⚠BRINDE?,
8301001036,Camiseta Cinza - XGG,4397,Camiseta Minimal,
8301001314,Camiseta ML Preta - G,4280,Camiseta Manga Longa ⚠,
8301002001,Cueca Preta Nova - P,4248,Cueca,
8303003084,Camiseta Vinho - G,4205,Camiseta Minimal,
8303003083,Camiseta Vinho - M,4196,Camiseta Minimal,
4602001023,Calça Jeans Minimal Azul Claro 42,4150,Calça Jeans ⚠1.0/2.0?,
8301001135,Camiseta Cinza - GG - GOLA V,4029,Camiseta Minimal,
4602001013,Calça Jeans Minimal Preta 42,4016,Calça Jeans ⚠1.0/2.0?,
8301001021,Camiseta Branca - PP,3958,Camiseta Minimal,
4602001024,Calça Jeans Minimal Azul Claro 44,3936,Calça Jeans ⚠1.0/2.0?,
8401001024,Camiseta Fitness Branca - G,3877,Camiseta Fitness,
8301005123,Camisa Social Branca - M,3858,Camisa Social ⚠Tech/Malha?,
8301005124,Camisa Social Branca - G,3843,Camisa Social ⚠Tech/Malha?,
8401001034,Camiseta Fitness Cinza - G,3836,Camiseta Fitness,
8301001142,Camiseta Azul - P - GOLA V,3786,Camiseta Minimal,
8303003034,Camiseta Marrom - G,3761,Camiseta Minimal,
8301001111,Camiseta Preta - PP - GOLA V,3681,Camiseta Minimal,
8401001015,Camiseta Fitness Preta - GG,3676,Camiseta Fitness,
9301001122,Camiseta Branca GT- P - GOLA V,3642,Camiseta Minimal,
8301001122,Camiseta Branca - P - GOLA V,3628,Camiseta Minimal,
8301001125,Camiseta Branca - GG - GOLA V,3609,Camiseta Minimal,
8303003033,Camiseta Marrom - M,3595,Camiseta Minimal,
1301004011,Sabonete Facial Minimal Care,3584,Skincare/Perfume ⚠BRINDE?,
1301004012,Hidratante Facial Minimal Care,3581,Skincare/Perfume ⚠BRINDE?,
8401001023,Camiseta Fitness Branca - M,3581,Camiseta Fitness,
8301001076,Camiseta Verde - XGG,3431,Camiseta Minimal,
8401001033,Camiseta Fitness Cinza - M,3281,Camiseta Fitness,
4602001014,Calça Jeans Minimal Preta 44,3251,Calça Jeans ⚠1.0/2.0?,
9301001027,Camiseta Branca GT- XXGG,3173,Camiseta Minimal,
8301001053,Camiseta Bege - M,3112,Camiseta Minimal,
8301001031,Camiseta Cinza - PP,3057,Camiseta Minimal,
8301005013,,2995,⚠ SEM NOME,
8301001026,Camiseta Branca - XGG,2971,Camiseta Minimal,
8301002054,Camiseta Gola O G Areia,2934,Camiseta Minimal,
4602001022,Calça Jeans Minimal Azul Claro 40,2846,Calça Jeans ⚠1.0/2.0?,
8301002053,Camiseta Gola O M Areia,2742,Camiseta Minimal,
8301001146,Camiseta Azul - XGG - GOLA V,2735,Camiseta Minimal,
4602001035,Calça Jeans Minimal Azul Médio Escuro 46,2721,Calça Jeans ⚠1.0/2.0?,
4602001032,Calça Jeans Minimal Azul Médio Escuro 40,2721,Calça Jeans ⚠1.0/2.0?,
8401002003,Cueca Fitness Preta - G,2718,Cueca Fitness,
8301001132,Camiseta Cinza - P - GOLA V,2714,Camiseta Minimal,
8301001085,Camiseta Bordo - GG,2676,Camiseta Minimal,
8301001082,Camiseta Bordo - P,2636,Camiseta Minimal,
8301005144,Camisa Social Azul Clara - G,2630,Camisa Social ⚠Tech/Malha?,
8301005023,,2621,⚠ SEM NOME,
8301004111,Meia Minimal Preta Soquete 35-38,2604,Meia Minimal,
8301001037,Camiseta Cinza - XXGG ,2567,Camiseta Minimal,
8301001054,Camiseta Bege - G,2553,Camiseta Minimal,
8401001012,Camiseta Fitness Preta - P,2478,Camiseta Fitness,
8301001095,Camiseta Mescla - GG,2452,Camiseta Minimal,
8301005154,Camisa Social Azul Escura - G,2427,Camisa Social ⚠Tech/Malha?,
8301006000,,2409,⚠ SEM NOME,
8303001013,Camiseta Minimal Tricot Henley Preta M,2374,Camisa Henley,
8301005033,,2367,⚠ SEM NOME,
8301001071,Camiseta Verde - PP,2364,Camiseta Minimal,
8303003063,Camiseta Azul Claro - M,2319,Camiseta Minimal,
8301005143,Camisa Social Azul Clara - M,2306,Camisa Social ⚠Tech/Malha?,
4602001012,Calça Jeans Minimal Preta 40,2239,Calça Jeans ⚠1.0/2.0?,
8301001077,Camiseta Verde - XXGG,2237,Camiseta Minimal,
8303001014,Camiseta Minimal Tricot Henley Preta G,2208,Camisa Henley,
8301005125,Camisa Social Branca - GG,2154,Camisa Social ⚠Tech/Malha?,
8301005014,,2111,⚠ SEM NOME,
8301001092,Camiseta Mescla - P,2061,Camiseta Minimal,
8301005153,Camisa Social Azul Escura - M,2059,Camisa Social ⚠Tech/Malha?,
4602001015,Calça Jeans Minimal Preta 46,2021,Calça Jeans ⚠1.0/2.0?,
8401002002,Cueca Fitness Preta - M,2021,Cueca Fitness,
8301005012,,1999,⚠ SEM NOME,
8303003085,Camiseta Vinho - GG,1989,Camiseta Minimal,
8301001315,Camiseta ML Preta - GG,1971,Camiseta Manga Longa ⚠,
8301005024,,1945,⚠ SEM NOME,
4602001025,Calça Jeans Minimal Azul Claro 46,1893,Calça Jeans ⚠1.0/2.0?,
8301001136,Camiseta Cinza - XGG - GOLA V,1852,Camiseta Minimal,
9301001126,Camiseta Branca GT- XGG - GOLA V,1822,Camiseta Minimal,
8301005022,,1793,⚠ SEM NOME,
8401001016,Camiseta Fitness Preta - XGG,1792,Camiseta Fitness,
8301005034,,1790,⚠ SEM NOME,
8301001312,Camiseta ML Preta - P,1786,Camiseta Manga Longa ⚠,
8303001063,Camiseta Minimal Tricot Henley Off-White M,1779,Camisa Henley,
8301006013,Calça Alfaiataria Minimal Preta 42,1770,Calça Alfaiataria,
8301004011,Meia Minimal Preta Cano Curto,1747,Meia Minimal,
8301001027,Camiseta Branca - XXGG,1745,Camiseta Minimal,
8301001147,Camiseta Azul - XXGG - GOLA V,1728,Camiseta Minimal,
8303003035,Camiseta Marrom - GG,1717,Camiseta Minimal,
8302006114,,1707,⚠ SEM NOME,
8303001064,Camiseta Minimal Tricot Henley Off-White G,1703,Camisa Henley,
8401001043,Camiseta Fitness Azul - M,1691,Camiseta Fitness,
8303003064,Camiseta Azul Claro - G,1674,Camiseta Minimal,
8301006014,Calça Alfaiataria Minimal Preta 44,1654,Calça Alfaiataria,
8401001035,Camiseta Fitness Cinza - GG,1648,Camiseta Fitness,
8301005122,Camisa Social Branca - P,1644,Camisa Social ⚠Tech/Malha?,
4602001021,Calça Jeans Minimal Azul Claro 38,1630,Calça Jeans ⚠1.0/2.0?,
8301005015,,1613,⚠ SEM NOME,
8302007143,Camisa Polo 2.0 Azul Marinho - M,1576,Polo 2.0,
8401001044,Camiseta Fitness Azul - G,1572,Camiseta Fitness,
8302006113,,1568,⚠ SEM NOME,
8401002004,Cueca Fitness Preta - GG,1485,Cueca Fitness,
8301006033,Calça Alfaiataria Minimal Azul 42,1479,Calça Alfaiataria,
8302007113,Camisa Polo 2.0 Preta - M,1463,Polo 2.0,
8302007144,Camisa Polo 2.0 Azul Marinho - G,1458,Polo 2.0,
8301001126,Camiseta Branca - XGG - GOLA V,1450,Camiseta Minimal,
8401001025,Camiseta Fitness Branca - GG,1426,Camiseta Fitness,
8301006023,Calça Alfaiataria Minimal Caqui 42,1417,Calça Alfaiataria,
8301001153,Camiseta Bege - M GOLA V,1406,Camiseta Minimal,
8303003082,Camiseta Vinho - P,1394,Camiseta Minimal,
8301005032,,1384,⚠ SEM NOME,
8301001052,Camiseta Bege - P,1378,Camiseta Minimal,
8301002055,Camiseta Gola O GG Areia,1363,Camiseta Minimal,
4602001031,Calça Jeans Minimal Azul Médio Escuro 38,1338,Calça Jeans ⚠1.0/2.0?,
8302007114,Camisa Polo 2.0 Preta - G,1327,Polo 2.0,
8301005155,Camisa Social Azul Escura - GG,1321,Camisa Social ⚠Tech/Malha?,
8303001053,Camiseta Minimal Tricot Henley Bege M,1319,Camisa Henley,
8303003032,Camiseta Marrom - P,1319,Camiseta Minimal,
8303003054,Camiseta Verde Musgo - G,1277,Camiseta Minimal,
8301001323,Camiseta ML Branca - M,1274,Camiseta Manga Longa ⚠,
9301001121,Camiseta Branca GT- PP - GOLA V,1269,Camiseta Minimal,
4602001011,Calça Jeans Minimal Preta 38,1262,Calça Jeans ⚠1.0/2.0?,
8303001054,Camiseta Minimal Tricot Henley Bege G,1261,Camisa Henley,
8301006034,Calça Alfaiataria Minimal Azul 44,1258,Calça Alfaiataria,
8301001141,Camiseta Azul - PP - GOLA V,1257,Camiseta Minimal,
4602001036,Calça Jeans Minimal Azul Médio Escuro 48,1255,Calça Jeans ⚠1.0/2.0?,
8301005011,,1250,⚠ SEM NOME,
8401001022,Camiseta Fitness Branca - P,1233,Camiseta Fitness,
8301005035,,1227,⚠ SEM NOME,
8303001015,Camiseta Minimal Tricot Henley Preta GG,1226,Camisa Henley,
8303003053,Camiseta Verde Musgo - M,1222,Camiseta Minimal,
8301006024,Calça Alfaiataria Minimal Caqui 44,1218,Calça Alfaiataria,
8301001121,Camiseta Branca - PP - GOLA V,1212,Camiseta Minimal,
8883001014,Overshirt Preto G,1193,Overshirt,
8301005025,,1192,⚠ SEM NOME,
8301001137,Camiseta Cinza  - XXGG - GOLA V,1192,Camiseta Minimal,
8401001011,Camiseta Fitness Preta - PP,1192,Camiseta Fitness,
8401001017,Camiseta Fitness Preta - XXGG ,1189,Camiseta Fitness,
sacolaM,,1168,⚠ SEM NOME,
8301007043,Calça Comfort 42 Cinza,1152,Calça Comfort,
8401001032,Camiseta Fitness Cinza - P,1150,Camiseta Fitness,
8883001013,Overshirt Preto M,1147,Overshirt,
5601001163,Suéter Minimal Off-White - M,1103,Suéter Minimal,
8301001154,Camiseta Bege - G - GOLA V,1077,Camiseta Minimal,
8301007023,Calça Comfort 42 Marrom,1070,Calça Comfort,
5601001164,Suéter Minimal Off-White - G,1065,Suéter Minimal,
8303003065,Camiseta Azul Claro - GG,1058,Camiseta Minimal,
5601001144,Suéter Minimal Azul - G,1056,Suéter Minimal,
8301001081,Camiseta Bordo - PP,1054,Camiseta Minimal,
carteiraOB,,1048,⚠ SEM NOME,
8301001086,Camiseta Bordo - XGG,1047,Camiseta Minimal,
8301005145,Camisa Social Azul Clara - GG,1046,Camisa Social ⚠Tech/Malha?,
8303001012,Camiseta Minimal Tricot Henley Preta P,1042,Camisa Henley,
8301002083,Camiseta Gola O M Rosa,1038,Camiseta Minimal,
4602001026,Calça Jeans Minimal Azul Claro 48,1035,Calça Jeans ⚠1.0/2.0?,
8301001055,Camiseta Bege - GG,1035,Camiseta Minimal,
8301007044,Calça Comfort 44 Cinza,1031,Calça Comfort,
8301005142,Camisa Social Azul Clara - P,1026,Camisa Social ⚠Tech/Malha?,
8301002084,Camiseta Gola O G Rosa,1022,Camiseta Minimal,
5601001143,Suéter Minimal Azul - M,1013,Suéter Minimal,
4602001016,Calça Jeans Minimal Preta 48,1010,Calça Jeans ⚠1.0/2.0?,
8302006144,,1008,⚠ SEM NOME,
8301001096,Camiseta Mescla - XGG,1006,Camiseta Minimal,
8301006012,Calça Alfaiataria Minimal Preta 40,1000,Calça Alfaiataria,
8301001311,Camiseta ML Preta - PP,998,Camiseta Manga Longa ⚠,
9301001127,Camiseta Branca GT- XXGG - GOLA V,987,Camiseta Minimal,
4602002023,Calça Jeans 2.0 Azul Claro 42,962,Calça Jeans ⚠1.0/2.0?,
8301001324,Camiseta ML Branca - G,955,Camiseta Manga Longa ⚠,
8301005021,,939,⚠ SEM NOME,
8301007033,Calça Comfort 42 Azul,929,Calça Comfort,
8303003023,Camiseta Oliva - M,914,Camiseta Minimal,
8302007123,Camisa Polo 2.0 Branca - M,909,Polo 2.0,
8883001024,Overshirt Marrom G,906,Overshirt,
8401001045,Camiseta Fitness Azul - GG,894,Camiseta Fitness,
8301002052,Camiseta Gola O P Areia,869,Camiseta Minimal,
8303001062,Camiseta Minimal Tricot Henley Off-White P,867,Camisa Henley,
8401002005,Cueca Fitness Preta - XGG,866,Cueca Fitness,
8301001316,Camiseta ML Preta - XGG,864,Camiseta Manga Longa ⚠,
8301007034,Calça Comfort 44 Azul,862,Calça Comfort,
8301006015,Calça Alfaiataria Minimal Preta 46,854,Calça Alfaiataria,
8302006143,,846,⚠ SEM NOME,
8301001131,Camiseta Cinza - PP - GOLA V,837,Camiseta Minimal,
8301005114,Camisa Social Preta - G,829,Camisa Social ⚠Tech/Malha?,
8301005126,Camisa Social Branca - XGG,824,Camisa Social ⚠Tech/Malha?,
8302007124,Camisa Polo 2.0 Branca - G,823,Polo 2.0,
8301001091,Camiseta Mescla - PP,822,Camiseta Minimal,
8301001127,Camiseta Branca - XXGG - GOLA V,821,Camiseta Minimal,
8301005152,Camisa Social Azul Escura - P,818,Camisa Social ⚠Tech/Malha?,
8303003055,Camiseta Verde Musgo - GG,813,Camiseta Minimal,
8303003086,Camiseta Vinho - XGG,801,Camiseta Minimal,
4602002024,Calça Jeans 2.0 Azul Claro 44,798,Calça Jeans ⚠1.0/2.0?,
8301007024,Calça Comfort 44 Marrom,798,Calça Comfort,
8401002001,Cueca Fitness Preta - P,789,Cueca Fitness,
8301005113,Camisa Social Preta - M,780,Camisa Social ⚠Tech/Malha?,
8301005031,,779,⚠ SEM NOME,
8303003024,Camiseta Oliva - G,766,Camiseta Minimal,
8301006022,Calça Alfaiataria Minimal Caqui 40,764,Calça Alfaiataria,
8302007115,Camisa Polo 2.0 Preta - GG,763,Polo 2.0,
8301006032,Calça Alfaiataria Minimal Azul 40,744,Calça Alfaiataria,
8301001087,Camiseta Bordo - XXGG,740,Camiseta Minimal,
8883001023,Overshirt Marrom M,731,Overshirt,
8301006035,Calça Alfaiataria Minimal Azul 46,728,Calça Alfaiataria,
4602001043,Calça Jeans Minimal Azul Médio 42,718,Calça Jeans ⚠1.0/2.0?,
8302007145,Camisa Polo 2.0 Azul Marinho - GG,709,Polo 2.0,
8301007013,Calça Comfort 42 Preta,709,Calça Comfort,
8303001065,Camiseta Minimal Tricot Henley Off-White GG,708,Camisa Henley,
8302006115,,696,⚠ SEM NOME,
8301005156,Camisa Social Azul Escura - XGG,695,Camisa Social ⚠Tech/Malha?,
8301006025,Calça Alfaiataria Minimal Caqui 46,672,Calça Alfaiataria,
8301001384,Camiseta ML Bordo - G,667,Camiseta Manga Longa ⚠,
8301001383,Camiseta ML Bordo - M,653,Camiseta Manga Longa ⚠,
8303001052,Camiseta Minimal Tricot Henley Bege P,644,Camisa Henley,
8303003036,Camiseta Marrom - XGG,641,Camiseta Minimal,
8301001413,Camiseta ML Preta - M GOLA V,630,Camiseta Manga Longa ⚠,
caixapresente,Caixa Presente - Minimal Club,628,⚠ REVISAR,
8301001414,Camiseta ML Preta - G - GOLA V,625,Camiseta Manga Longa ⚠,
8401001036,Camiseta Fitness Cinza - XGG,610,Camiseta Fitness,
8302006124,,609,⚠ SEM NOME,
9401001014,Camiseta 2.0 G Preta,609,Camiseta Minimal,
8401003114,Short Academia Minimal G Preto,606,⚠ REVISAR,
8301007014,Calça Comfort 44 Preta,605,Calça Comfort,
8401003014,Bermuda Fitness Preta - G,603,⚠ REVISAR,
8302006112,,600,⚠ SEM NOME,
8883001063,Overshirt Off-White M,590,Overshirt,
8303003062,Camiseta Azul Claro - P,589,Camiseta Minimal,
9401001013,Camiseta 2.0 M Preta,589,Camiseta Minimal,
8301001097,Camiseta Mescla - XXGG,583,Camiseta Minimal,
8303003081,Camiseta Vinho - PP,580,Camiseta Minimal,
4602001044,Calça Jeans Minimal Azul Médio 44,577,Calça Jeans ⚠1.0/2.0?,
8303001016,Camiseta Minimal Tricot Henley Preta XGG,576,Camisa Henley,
8301007042,Calça Comfort 40 Cinza,576,Calça Comfort,
8301001051,Camiseta Bege - PP,573,Camiseta Minimal,
8301001317,Camiseta ML Preta - XXGG ,573,Camiseta Manga Longa ⚠,
8301001155,Camiseta Bege - GG - GOLA V,572,Camiseta Minimal,
5601001162,Suéter Minimal Off-White - P,564,Suéter Minimal,
8883001015,Overshirt Preto GG,556,Overshirt,
4602001045,Calça Jeans Minimal Azul Médio 46,548,Calça Jeans ⚠1.0/2.0?,
8301006043,Calça Alfaiataria Minimal Cinza 42,547,Calça Alfaiataria,
8301001322,Camiseta ML Branca - P,546,Camiseta Manga Longa ⚠,
8401001026,Camiseta Fitness Branca - XGG,546,Camiseta Fitness,
8302006123,,544,⚠ SEM NOME,
8303001055,Camiseta Minimal Tricot Henley Bege GG,544,Camisa Henley,
8301007022,Calça Comfort 40 Marrom,540,Calça Comfort,
8301001152,Camiseta Bege - P - GOLA V,538,Camiseta Minimal,
9301001323,Camiseta ML Branca GT - M,535,Camiseta Manga Longa ⚠,
8301005146,Camisa Social Azul Clara - XGG,531,Camisa Social ⚠Tech/Malha?,
8303003031,Camiseta Marrom - PP,520,Camiseta Minimal,
8302006116,,519,⚠ SEM NOME,
5601001145,Suéter Minimal Azul - GG,518,Suéter Minimal,
8301002085,Camiseta Gola O GG Rosa,516,Camiseta Minimal,
8883001064,Overshirt Off-White G,516,Overshirt,
8301005115,Camisa Social Preta - GG,507,Camisa Social ⚠Tech/Malha?,
8401003113,Short Academia Minimal M Preto,507,⚠ REVISAR,
8301007032,Calça Comfort 40 Azul,502,Calça Comfort,
8301007045,Calça Comfort 46 Cinza,491,Calça Comfort,
8301002056,Camiseta Gola O XGG Areia,490,Camiseta Minimal,
8304001063,Polo Tricot Verão 26 Off White - M,482,Polo 1.0 ⚠ver versão,
4602002022,Calça Jeans 2.0 Azul Claro 40,479,Calça Jeans ⚠1.0/2.0?,
5601001142,Suéter Minimal Azul - P,475,Suéter Minimal,
8302007142,Camisa Polo 2.0 Azul Marinho - P,474,Polo 2.0,
8302007112,Camisa Polo 2.0 Preta - P,472,Polo 2.0,
8303003052,Camiseta Verde Musgo - P,468,Camiseta Minimal,
8401001021,Camiseta Fitness Branca - PP,461,Camiseta Fitness,
5601001165,Suéter Minimal Off-White - GG,460,Suéter Minimal,
8304001023,Polo Tricot Verão 26 Marrom - M,456,Polo 1.0 ⚠ver versão,
8303003066,Camiseta Azul Claro - XGG,451,Camiseta Minimal,
8401001031,Camiseta Fitness Cinza - PP,448,Camiseta Fitness,
8304001064,Polo Tricot Verão 26 Off White - G,446,Polo 1.0 ⚠ver versão,
8401001037,Camiseta Fitness Cinza - XXGG ,438,Camiseta Fitness,
9301001324,Camiseta ML Branca GT - G,437,Camiseta Manga Longa ⚠,
8304001024,Polo Tricot Verão 26 Marrom - G,436,Polo 1.0 ⚠ver versão,
4602002025,Calça Jeans 2.0 Azul Claro 46,435,Calça Jeans ⚠1.0/2.0?,
8301001325,Camiseta ML Branca - GG,434,Camiseta Manga Longa ⚠,
8883001012,Overshirt Preto P,434,Overshirt,
8883001073,Overshirt Verde M,434,Overshirt,
8301007025,Calça Comfort 46 Marrom,431,Calça Comfort,
8302006145,,427,⚠ SEM NOME,
8303003087,Camiseta Vinho - XXGG,426,Camiseta Minimal,
8303003025,Camiseta Oliva - GG,421,Camiseta Minimal,
8301006044,Calça Alfaiataria Minimal Cinza 44,419,Calça Alfaiataria,
8303003043,Camiseta Terracota - M,408,Camiseta Minimal,
8301007035,Calça Comfort 46 Azul,406,Calça Comfort,
8883001025,Overshirt Marrom GG,401,Overshirt,
8302007125,Camisa Polo 2.0 Branca - GG,398,Polo 2.0,
8401001046,Camiseta Fitness Azul - XGG,398,Camiseta Fitness,
8401001042,Camiseta Fitness Azul - P,397,Camiseta Fitness,
8303003022,Camiseta Oliva - P,396,Camiseta Minimal,
8301001385,Camiseta ML Bordo - GG,396,Camiseta Manga Longa ⚠,
8303003037,Camiseta Marrom - XXGG,389,Camiseta Minimal,
8301002082,Camiseta Gola O P Rosa,389,Camiseta Minimal,
8301001056,Camiseta Bege - XGG,385,Camiseta Minimal,
8883001022,Overshirt Marrom P,380,Overshirt,
8401003013,Bermuda Fitness Preta - M,368,⚠ REVISAR,
8301002051,Camiseta Gola O PP Areia,365,Camiseta Minimal,
8304001073,Polo Tricot Verão 26 Verde - M,360,Polo 1.0 ⚠ver versão,
9301001325,Camiseta ML Branca GT - GG,358,Camiseta Manga Longa ⚠,
8303003044,Camiseta Terracota - G,357,Camiseta Minimal,
5601001214,Suéter Tricot Preto - G,355,Suéter Minimal,
8303003061,Camiseta Azul Claro - PP,355,Camiseta Minimal,
8304001074,Polo Tricot Verão 26 Verde - G,350,Polo 1.0 ⚠ver versão,
8301003314,Short Nadar Preto - G,348,⚠ REVISAR,
8302005113,Camisa Polo Minimal 1.0,346,Polo 1.0 ⚠ver versão,
8302006142,,345,⚠ SEM NOME,
8401001314,Camiseta Fitness ML Preta - G,344,Camiseta Fitness,
8301006011,Calça Alfaiataria Minimal Preta 38,344,Calça Alfaiataria,
8303004212,Kit 3x Pares Meia Cano Alto Preta 39-43,335,Meia Minimal,
8301001382,Camiseta ML Bordo - P,334,Camiseta Manga Longa ⚠,
8301003344,Short Nadar Azul Marinho - G,333,⚠ REVISAR,
8302005114,Camisa Polo Minimal 1.0,331,Polo 1.0 ⚠ver versão,
8303003056,Camiseta Verde Musgo - XGG,326,Camiseta Minimal,
8401001313,Camiseta Fitness ML Preta - M,321,Camiseta Fitness,
8302005123,Camisa Polo Minimal 1.0,321,Polo 1.0 ⚠ver versão,
8302004212,Kit 3x Meias Minimal Preta Cano Alto Único Preta,316,Meia Minimal,
8401003134,Short Academia Minimal G Cinza,314,⚠ REVISAR,
8301007012,Calça Comfort 40 Preta,313,Calça Comfort,
8302006111,,312,⚠ SEM NOME,
8401003115,Short Academia Minimal GG Preto,312,⚠ REVISAR,
8301001412,Camiseta ML Preta - P - GOLA V,310,Camiseta Manga Longa ⚠,
8301003313,Short Nadar Preto - M,309,⚠ REVISAR,
8301006016,Calça Alfaiataria Minimal Preta 48,309,Calça Alfaiataria,
8883001074,Overshirt Verde G,308,Overshirt,
8301006036,Calça Alfaiataria Minimal Azul 48,308,Calça Alfaiataria,
8883001044,Overshirt Azul Petróleo G,307,Overshirt,
8303004012,Kit 3x Pares Meia Cano Curto Preta 39-43,306,Meia Minimal,
5601001213,Suéter Tricot Preto - M,305,Suéter Minimal,
8301001415,Camiseta ML Preta - GG - GOLA V,304,Camiseta Manga Longa ⚠,
8301007015,Calça Comfort 46 Preta,303,Calça Comfort,
8302006117,,302,⚠ SEM NOME,
8301001423,Camiseta ML Branca - M - GOLA V,302,Camiseta Manga Longa ⚠,
8302007122,Camisa Polo 2.0 Branca - P,299,Polo 2.0,
8301006026,Calça Alfaiataria Minimal Caqui 48,298,Calça Alfaiataria,
4602001042,Calça Jeans Minimal Azul Médio 40,297,Calça Jeans ⚠1.0/2.0?,
5601002443,Jaqueta Essential Azul Marinho - M,296,⚠ REVISAR,
8401001027,Camiseta Fitness Branca - XXGG,296,Camiseta Fitness,
8302004012,Kit 3x Meias Minimal Preta Cano Baixo Único Preta,295,Meia Minimal,
5601001014,Pijama Modal Preto - G,293,⚠ REVISAR,
8301005112,Camisa Social Preta - P,292,Camisa Social ⚠Tech/Malha?,
8303001066,Camiseta Minimal Tricot Henley Off-White XGG,291,Camisa Henley,
8301001424,Camiseta ML Branca - G - GOLA V,287,Camiseta Manga Longa ⚠,
5601001234,Suéter Tricot Cinza - G,286,Suéter Minimal,
8302007116,Camisa Polo 2.0 Preta - XGG,282,Polo 2.0,
8883001016,Overshirt Preto XGG,277,Overshirt,
8303003067,Camiseta Azul Claro - XXGG,276,Camiseta Minimal,
8301006042,Calça Alfaiataria Minimal Cinza 40,276,Calça Alfaiataria,
8303001056,Camiseta Minimal Tricot Henley Bege XGG,275,Camisa Henley,
8302015014,Camiseta Gola Alta Pima Manga Curta G Preta,273,Camiseta Minimal,
8302005124,Camisa Polo Minimal 1.0,272,Polo 1.0 ⚠ver versão,
8302005143,Camisa Polo Minimal 1.0,269,Polo 1.0 ⚠ver versão,
8301001416,Camiseta ML Preta - XGG - GOLA V,268,Camiseta Manga Longa ⚠,
8301007046,Calça Comfort 48 Cinza,267,Calça Comfort,
8301001326,Camiseta ML Branca - XGG,266,Camiseta Manga Longa ⚠,
8302007146,Camisa Polo 2.0 Azul Marinhoo - XGG,265,Polo 2.0,
9401001015,Camiseta 2.0 GG Preta,262,Camiseta Minimal,
8301003343,Short Nadar Azul Marinho - M,261,⚠ REVISAR,
8883001062,Overshirt Off-White P,261,Overshirt,
9401001023,Camiseta 2.0 Branca - M,260,Camiseta Minimal,
8302005144,Camisa Polo Minimal 1.0,259,Polo 1.0 ⚠ver versão,
8301001156,Camiseta Bege - XGG - GOLA V,258,Camiseta Minimal,
8883001043,Overshirt Azul Petróleo M,258,Overshirt,
5601001243,Suéter Tricot Azul Marinho - M,257,Suéter Minimal,
5601001343,Suéter Classic Azul Marinho - M,257,Suéter Minimal,
5601001254,Suéter Tricot Bege - G,254,Suéter Minimal,
8883001065,Overshirt Off-White GG,253,Overshirt,
5601002444,Jaqueta Essential Azul Marinho - G,252,⚠ REVISAR,
8301002057,Camiseta Gola O XXGG Areia,251,Camiseta Minimal,
8302006146,,250,⚠ SEM NOME,
8303003026,Camiseta Oliva - XGG,249,Camiseta Minimal,
8301006020,Bracelete Classic Prata,248,⚠ REVISAR,
8301006031,Calça Alfaiataria Minimal Azul 38,245,Calça Alfaiataria,
8401003133,Short Academia Minimal M Cinza,245,⚠ REVISAR,
8302005224,Camisa Social Malha Branca G,242,Camisa Social ⚠Tech/Malha?,
8301006021,Calça Alfaiataria Minimal Caqui 38,238,Calça Alfaiataria,
9401001024,Camiseta 2.0 Branca - G,238,Camiseta Minimal,
8301003243,Short Nadar Azul Candy - 40,237,⚠ REVISAR,
9301001322,Camiseta ML Branca GT - P,235,Camiseta Manga Longa ⚠,
5601001013,Pijama Modal Preto - M,235,⚠ REVISAR,
5601001233,Suéter Tricot Cinza - M,234,Suéter Minimal,
8301001057,Camiseta Bege - XXGG,233,Camiseta Minimal,
8301001321,Camiseta ML Branca - PP,232,Camiseta Manga Longa ⚠,
8303004112,Kit 3x Pares Meia Invisível Preta 39-43,231,Meia Minimal,
4602002026,Calça Jeans 2.0 Azul Claro 48,230,Calça Jeans ⚠1.0/2.0?,
8302005223,Camisa Social Malha Branca M,229,Camisa Social ⚠Tech/Malha?,
5601001146,Suéter Minimal Azul - XGG,228,Suéter Minimal,
8302005112,Camisa Polo Minimal 1.0,225,Polo 1.0 ⚠ver versão,
8301003213,Short Nadar Preto - 40,225,⚠ REVISAR,
8302015013,Camiseta Gola Alta Pima Manga Curta M Preta,224,Camiseta Minimal,
8301007036,Calça Comfort 48 Azul,223,Calça Comfort,
8303003051,Camiseta Verde Musgo - PP,223,Camiseta Minimal,
5601001244,Suéter Tricot Azul Marinho - G,223,Suéter Minimal,
5601001344,Suéter Classic Azul Marinho - G,222,Suéter Minimal,
8301001151,Camiseta Bege - PP - GOLA V,221,Camiseta Minimal,
8301006045,Calça Alfaiataria Minimal Cinza 46,221,Calça Alfaiataria,
8302006125,,220,⚠ SEM NOME,
8301002086,Camiseta Gola O XGG Rosa,220,Camiseta Minimal,
8301005116,Camisa Social Preta - XGG,219,Camisa Social ⚠Tech/Malha?,
8301001417,Camiseta ML Preta - XXGG - GOLA V,219,Camiseta Manga Longa ⚠,
8302007111,Camisa Polo 2.0 Preta - PP,219,Polo 2.0,
4602002013,Calça Jeans 2.0 Black 42,218,Calça Jeans ⚠1.0/2.0?,
8302005034,Bermuda Alfaiataria Azul Marinho 44,217,Calça Alfaiataria,
8401001047,Camiseta Fitness Azul - XXGG,216,Camiseta Fitness,
8302005033,Bermuda Alfaiataria Azul Marinho 42,215,Calça Alfaiataria,
4602002014,Calça Jeans 2.0 Black 44,214,Calça Jeans ⚠1.0/2.0?,
4602002021,Calça Jeans 2.0 Azul Claro 38,214,Calça Jeans ⚠1.0/2.0?,
8302005014,Bermuda Alfaiataria Preta 44,210,Calça Alfaiataria,
5601001253,Suéter Tricot Bege - M,210,Suéter Minimal,
8302005024,Bermuda Alfaiataria Caqui 44,209,Calça Alfaiataria,
8302005013,Bermuda Alfaiataria Preta 42,209,Calça Alfaiataria,
5601002323,Jaqueta Westfield Marrom - M,209,⚠ REVISAR,
9401001012,Camiseta 2.0 P Preta,209,Camiseta Minimal,
8301002081,Camiseta Gola O PP Rosa,207,Camiseta Minimal,
8401003012,Bermuda Fitness Preta - P,204,⚠ REVISAR,
8304001062,Polo Tricot Verão 26 Off White - P,204,Polo 1.0 ⚠ver versão,
8301006010,Bracelete Classic Preta,204,⚠ REVISAR,
8301007041,Calça Comfort 38 Cinza,201,Calça Comfort,
4602001046,Calça Jeans Minimal Azul Médio 48,199,Calça Jeans ⚠1.0/2.0?,
5601001166,Suéter Minimal Off-White - XGG,196,Suéter Minimal,
8301007021,Calça Comfort 38 Marrom,195,Calça Comfort,
8302005115,Camisa Polo Minimal 1.0,195,Polo 1.0 ⚠ver versão,
8301003244,Short Nadar Azul Candy - 42,194,⚠ REVISAR,
8303003057,Camiseta Verde Musgo - XXGG,194,Camiseta Minimal,
8303003042,Camiseta Terracota - P,194,Camiseta Minimal,
5601001015,Pijama Modal Preto - GG,193,⚠ REVISAR,
8301001174,,193,⚠ SEM NOME,
8401003135,Short Academia Minimal GG Cinza,192,⚠ REVISAR,
8302005023,Bermuda Alfaiataria Caqui 42,192,Calça Alfaiataria,
8301001327,Camiseta ML Branca - XXGG,190,Camiseta Manga Longa ⚠,
8301003233,Short Nadar Areia - 40,190,⚠ REVISAR,
8301007016,Calça Comfort 48 Preta,190,Calça Comfort,
8302005244,Camisa Social Malha Azul Marinho G,190,Camisa Social ⚠Tech/Malha?,
8301003214,Short Nadar Preto - 42,189,⚠ REVISAR,
8302016013,Camiseta Gola Alta Pima Manga Longa M Preta,187,Camiseta Manga Longa ⚠,
8302007147,Camisa Polo 2.0 Azul Marinho - XXGG,187,Polo 2.0,
8301001422,Camiseta ML Branca - P - GOLA V,187,Camiseta Manga Longa ⚠,
8401003015,Bermuda Fitness Preta - GG,187,⚠ REVISAR,
8302007141,Camisa Polo 2.0 Azul Marinho - PP,185,Polo 2.0,
5601001274,Suéter Tricot Verde Militar - G,184,Suéter Minimal,
8301001173,,184,⚠ SEM NOME,
8302016014,Camiseta Gola Alta Pima Manga Longa G Preta,184,Camiseta Manga Longa ⚠,
4602001041,Calça Jeans Minimal Azul Médio 38,183,Calça Jeans ⚠1.0/2.0?,
8304001022,Polo Tricot Verão 26 Marrom - P,183,Polo 1.0 ⚠ver versão,
5601001024,Pijama Modal Branco - G,181,⚠ REVISAR,
5601002434,Jaqueta Essential Cinza Chumbo - G,180,⚠ REVISAR,
8304001025,Polo Tricot Verão 26 Marrom - GG,180,Polo 1.0 ⚠ver versão,
5601002433,Jaqueta Essential Cinza Chumbo - M,179,⚠ REVISAR,
8301007031,Calça Comfort 38 Azul,178,Calça Comfort,
8301001411,Camiseta ML Preta - PP - GOLA V,178,Camiseta Manga Longa ⚠,
8302007126,Camisa Polo 2.0 Branca - XGG,178,Polo 2.0,
8303003045,Camiseta Terracota - GG,177,Camiseta Minimal,
8301007026,Calça Comfort 48 Marrom,177,Calça Comfort,
5601001273,Suéter Tricot Verde Militar - M,177,Suéter Minimal,
8301003143,Short Nadar 2023 Azul - 40,175,⚠ REVISAR,
8401003034,Bermuda Fitness Cinza - G,173,⚠ REVISAR,
8401001315,Camiseta Fitness ML Preta - GG,172,Camiseta Fitness,
8302005214,Camisa Social Malha Preta G,172,Camisa Social ⚠Tech/Malha?,
8301003345,Short Nadar Azul Marinho - GG,172,⚠ REVISAR,
8301001157,Camiseta Bege - XXGG - GOLA V,171,Camiseta Minimal,
8301007434,Calça Essential Cinza Chumbo - 42,171,Calça (outra) ⚠,
8303003021,Camiseta Oliva - PP,171,Camiseta Minimal,
5601002214,Jaqueta Bomber Preta - G,171,⚠ REVISAR,
5601002244,Jaqueta Bomber Azul - G,170,⚠ REVISAR,
8501002044,Camisa Linho Azul Marinho - G,170,Camisa (outra) ⚠,
8301003174,Short Nadar 2023 Verde Garrafa - 42,169,⚠ REVISAR,
8883001075,Overshirt Verde GG,169,Overshirt,
8301003144,Short Nadar 2023 Azul - 42,169,⚠ REVISAR,
8301007444,Calça Essential Azul Marinho - 42,167,Calça (outra) ⚠,
8302005234,Camisa Social Malha Cinza G,166,Camisa Social ⚠Tech/Malha?,
8301003315,Short Nadar Preto - GG,165,⚠ REVISAR,
8302007117,Camisa Polo 2.0 Preta - XXGG,165,Polo 2.0,
8401003033,Bermuda Fitness Cinza - M,165,⚠ REVISAR,
8301003173,Short Nadar 2023 Verde Garrafa - 40,164,⚠ REVISAR,
5601002274,Jaqueta Bomber Verde - G,161,⚠ REVISAR,
8302006122,,161,⚠ SEM NOME,
5601001264,Suéter Tricot Azul Claro - G,159,Suéter Minimal,
8301007011,Calça Comfort 38 Preta,158,Calça Comfort,
8302006014,Cinto Minimal Dupla Face Preto/Marrom 95,158,⚠ REVISAR,
5601001212,Suéter Tricot Preto - P,157,Suéter Minimal,
8301001425,Camiseta ML Branca - GG - GOLA V,157,Camiseta Manga Longa ⚠,
5601001353,Suéter Classic Bege - M,157,Suéter Minimal,
8302015015,Camiseta Gola Alta Pima Manga Curta GG Preta,157,Camiseta Minimal,
8301003212,Short Nadar Preto - 38,157,⚠ REVISAR,
5601002324,Jaqueta Westfield Marrom - G,157,⚠ REVISAR,
8301001386,Camiseta ML Bordo - XGG,156,Camiseta Manga Longa ⚠,
8302005116,Camisa Polo Minimal 1.0,156,Polo 1.0 ⚠ver versão,
5601002114,,155,⚠ SEM NOME,
8304001065,Polo Tricot Verão 26 Off White - GG,154,Polo 1.0 ⚠ver versão,
8301001381,Camiseta ML Bordo - PP,154,Camiseta Manga Longa ⚠,
8301003374,Short Nadar Verde Militar - G,154,⚠ REVISAR,
5601001354,Suéter Classic Bege - G,154,Suéter Minimal,
8302015023,Camiseta Gola Alta Pima Manga Curta M Branca,154,Camiseta Minimal,
8302005243,Camisa Social Malha Azul Marinho M,154,Camisa Social ⚠Tech/Malha?,
5601001323,Suéter Classic Marrom - M,153,Suéter Minimal,
8301007443,Calça Essential Azul Marinho - 40,153,Calça (outra) ⚠,
1301002012,Amostra Perfume único Black,152,Skincare/Perfume ⚠BRINDE?,
8401003112,Short Academia Minimal P Preto,150,⚠ REVISAR,
8304001075,Polo Tricot Verão 26 Verde - GG,148,Polo 1.0 ⚠ver versão,
8883001072,Overshirt Verde P,148,Overshirt,
8301003234,Short Nadar Areia - 42,148,⚠ REVISAR,
8301003012,Bermuda Minimal Preta - P,147,⚠ REVISAR,
8301001387,Camiseta ML Bordo - XXGG ,146,Camiseta Manga Longa ⚠,
5601001023,Pijama Modal Branco - M,145,⚠ REVISAR,
8303006014,Tênis Casual Preto - 41,144,⚠ REVISAR,
8401001323,Camiseta Fitness ML Branca - M,144,Camiseta Fitness,
5601002213,Jaqueta Bomber Preta - M,144,⚠ REVISAR,
5601002113,,144,⚠ SEM NOME,
8302005122,Camisa Polo Minimal 1.0,144,Polo 1.0 ⚠ver versão,
8302006141,,142,⚠ SEM NOME,
8302015024,Camiseta Gola Alta Pima Manga Curta G Branca,141,Camiseta Minimal,
8401001041,Camiseta Fitness Azul - PP,141,Camiseta Fitness,
5601001263,Suéter Tricot Azul Claro - M,140,Suéter Minimal,
8302005142,Camisa Polo Minimal 1.0,140,Polo 1.0 ⚠ver versão,
8883001045,Overshirt Azul Petróleo GG,140,Overshirt,
8401003116,Short Academia Minimal XGG Preto,139,⚠ REVISAR,
8401003016,Bermuda Fitness Preta - XGG,138,⚠ REVISAR,
8303003027,Camiseta Oliva - XXGG,138,Camiseta Minimal,
8302005022,Bermuda Alfaiataria Caqui 40,137,Calça Alfaiataria,
8302006147,,136,⚠ SEM NOME,
8301003245,Short Nadar Azul Candy - 44,134,⚠ REVISAR,
8302005213,Camisa Social Malha Preta M,134,Camisa Social ⚠Tech/Malha?,
4602002015,Calça Jeans 2.0 Black 46,134,Calça Jeans ⚠1.0/2.0?,
5601001324,Suéter Classic Marrom - G,134,Suéter Minimal,
5601002273,Jaqueta Bomber Verde - M,134,⚠ REVISAR,
8401001324,Camiseta Fitness ML Branca - G,134,Camiseta Fitness,
8302005145,Camisa Polo Minimal 1.0,134,Polo 1.0 ⚠ver versão,
5601002243,Jaqueta Bomber Azul - M,134,⚠ REVISAR,
5601001232,Suéter Tricot Cinza - P,133,Suéter Minimal,
8883001011,Overshirt Preto PP,132,Overshirt,
8302016033,Camiseta Gola Alta Pima Manga Longa M Marinho,131,Camiseta Manga Longa ⚠,
8301005026,,130,⚠ SEM NOME,
9401001016,Camiseta 2.0 XGG Preta,130,Camiseta Minimal,
8302005012,Bermuda Alfaiataria Preta 40,129,Calça Alfaiataria,
8883001026,Overshirt Marrom XGG,129,Overshirt,
8303006013,Tênis Casual Preto - 40,128,⚠ REVISAR,
8301007433,Calça Essential Cinza Chumbo - 40,128,Calça (outra) ⚠,
8302005032,Bermuda Alfaiataria Azul Marinho 40,127,Calça Alfaiataria,
4602002012,Calça Jeans 2.0 Black 40,126,Calça Jeans ⚠1.0/2.0?,
8302005233,Camisa Social Malha Cinza M,124,Camisa Social ⚠Tech/Malha?,
8304001072,Polo Tricot Verão 26 Verde - P,123,Polo 1.0 ⚠ver versão,
8301003215,Short Nadar Preto - 44,123,⚠ REVISAR,
8883001066,Overshirt Off-White XGG,122,Overshirt,
8301003242,Short Nadar Azul Candy - 38,121,⚠ REVISAR,
8302006013,Cinto Minimal Dupla Face Preto/Marrom 90,120,⚠ REVISAR,
8301003175,Short Nadar 2023 Verde Garrafa - 44,118,⚠ REVISAR,
8302015034,Camiseta Gola Alta Pima Manga Curta G Marinho,116,Camiseta Minimal,
5601002442,Jaqueta Essential Azul Marinho - P,116,⚠ REVISAR,
8302006121,,115,⚠ SEM NOME,
5601001215,Suéter Tricot Preto - GG,114,Suéter Minimal,
8301003232,Short Nadar Areia - 38,113,⚠ REVISAR,
8302006015,Cinto Minimal Dupla Face Preto/Marrom 100,112,⚠ REVISAR,
8302005225,Camisa Social Malha Branca GG,112,Camisa Social ⚠Tech/Malha?,
5601001252,Suéter Tricot Bege - P,112,Suéter Minimal,
8303006015,Tênis Casual Preto - 42,111,⚠ REVISAR,
8301003145,Short Nadar 2023 Azul - 44,111,⚠ REVISAR,
5601001342,Suéter Classic Azul Marinho - P,111,Suéter Minimal,
8301003014,Bermuda Minimal Preta - G,111,⚠ REVISAR,
8883001021,Overshirt Marrom PP,109,Overshirt,
8301003023,Bermuda Minimal Branca - M,109,⚠ REVISAR,
8301007073,Calça Comfort 42 Verde,109,Calça Comfort,
5601002445,Jaqueta Essential Azul Marinho - GG,109,⚠ REVISAR,
8501001144,Camisa Linho Azul 2024 - G,108,Camisa (outra) ⚠,
4701001114,,108,⚠ SEM NOME,
4601001114,,107,⚠ SEM NOME,
8302016015,Camiseta Gola Alta Pima Manga Longa GG Preta,107,Camiseta Manga Longa ⚠,
5601001242,Suéter Tricot Azul Marinho - P,106,Suéter Minimal,
4601001113,,105,⚠ SEM NOME,
8302005025,Bermuda Alfaiataria Caqui 46,104,Calça Alfaiataria,
9301001321,Camiseta ML Branca GT - PP,104,Camiseta Manga Longa ⚠,
8302005125,Camisa Polo Minimal 1.0,104,Polo 1.0 ⚠ver versão,
8301007435,Calça Essential Cinza Chumbo - 44,103,Calça (outra) ⚠,
8501002074,Camisa Linho Verde - G,103,Camisa (outra) ⚠,
4601001014,,103,⚠ SEM NOME,
8302015033,Camiseta Gola Alta Pima Manga Curta M Marinho,102,Camiseta Minimal,
8302005215,Camisa Social Malha Preta GG,102,Camisa Social ⚠Tech/Malha?,
8301003013,Bermuda Minimal Preta - M,102,⚠ REVISAR,
4601001013,,102,⚠ SEM NOME,
8501001084,Camisa Linho Goiaba  - G,102,Camisa (outra) ⚠,
8301003373,Short Nadar Verde Militar - M,101,⚠ REVISAR,
8301003024,Bermuda Minimal Branca - G,101,⚠ REVISAR,
8302016034,Camiseta Gola Alta Pima Manga Longa G Marinho,100,Camiseta Manga Longa ⚠,
8501002043,Camisa Linho Azul Marinho- M,99,Camisa (outra) ⚠,
8301001175,,99,⚠ SEM NOME,
8302006314,Camisa Polo ML Preta - G,99,Polo 1.0 ⚠ver versão,
8302005015,Bermuda Alfaiataria Preta 46,99,Calça Alfaiataria,
8502001154,,99,⚠ SEM NOME,
8401001312,Camiseta Fitness ML Preta - P,99,Camiseta Fitness,
8301007074,Calça Comfort 44 Verde,98,Calça Comfort,
5601001235,Suéter Tricot Cinza - GG,98,Suéter Minimal,
8301006046,Calça Alfaiataria Minimal Cinza 48,97,Calça Alfaiataria,
8302005245,Camisa Social Malha Azul Marinho GG,97,Camisa Social ⚠Tech/Malha?,
8301002087,Camiseta Gola O XXGG Rosa,97,Camiseta Minimal,
9401001025,Camiseta 2.0 Branca - GG,97,Camiseta Minimal,
5601002353,Jaqueta Westfield Bege - M,96,⚠ REVISAR,
5601001025,Pijama Modal Branco - GG,96,⚠ REVISAR,
4701001113,,95,⚠ SEM NOME,
8301007445,Calça Essential Azul Marinho - 44,95,Calça (outra) ⚠,
8301001172,,95,⚠ SEM NOME,
8302015054,Camiseta Gola Alta Pima Manga Curta G Bege,94,Camiseta Minimal,
5601002473,Jaqueta Essential Verde - M,94,⚠ REVISAR,
8302006126,,94,⚠ SEM NOME,
5601001245,Suéter Tricot Azul Marinho - GG,93,Suéter Minimal,
8302007121,Camisa Polo 2.0 Branca - PP,93,Polo 2.0,
8302005035,Bermuda Alfaiataria Azul Marinho 46,92,Calça Alfaiataria,
8501002024,Camisa Linho Branca - G,92,Camisa (outra) ⚠,
8301001426,Camiseta ML Branca - XGG - GOLA V,92,Camiseta Manga Longa ⚠,
8501001054,Camisa Linho Bege - G,91,Camisa (outra) ⚠,
5601002245,Jaqueta Bomber Azul - GG,91,⚠ REVISAR,
8301001183,Camiseta Bordo - M - GOLA V,90,Camiseta Minimal,
8302005117,Camisa Polo Minimal 1.0,90,Polo 1.0 ⚠ver versão,
8401003032,Bermuda Fitness Cinza - P,89,⚠ REVISAR,
8301003216,Short Nadar Preto - 46,89,⚠ REVISAR,
8301003312,Short Nadar Preto - P,89,⚠ REVISAR,
8302015012,Camiseta Gola Alta Pima Manga Curta P Preta,89,Camiseta Minimal,
5601002275,Jaqueta Bomber Verde - GG,88,⚠ REVISAR,
5601002343,Jaqueta Westfield Azul Marinho - M,88,⚠ REVISAR,
8301006041,Calça Alfaiataria Minimal Cinza 38,88,Calça Alfaiataria,
8401003136,Short Academia Minimal XGG Cinza,88,⚠ REVISAR,
8501001023,Camiseta Linho Branca - M,85,Camiseta Minimal,
8302001055,Calça Verão Areia - 44,85,Calça (outra) ⚠,
8301003235,Short Nadar Areia - 44,85,⚠ REVISAR,
5601002432,Jaqueta Essential Cinza Chumbo - P,85,⚠ REVISAR,
8501001145,Camisa Linho Azul 2024 - GG,83,Camisa (outra) ⚠,
8501001074,Camiseta Linho Verde Garrafa - G,83,Camiseta Minimal,
8301003375,Short Nadar Verde Militar - GG,83,⚠ REVISAR,
5601002215,Jaqueta Bomber Preta - GG,83,⚠ REVISAR,
8302005146,Camisa Polo Minimal 1.0,83,Polo 1.0 ⚠ver versão,
5601002115,,82,⚠ SEM NOME,
8401003035,Bermuda Fitness Cinza - GG,82,⚠ REVISAR,
8302005235,Camisa Social Malha Cinza GG,82,Camisa Social ⚠Tech/Malha?,
5601002474,Jaqueta Essential Verde - G,82,⚠ REVISAR,
8302006344,Camisa Polo ML Azul Marinho - G,81,Polo 1.0 ⚠ver versão,
5601001345,Suéter Classic Azul Marinho - GG,81,Suéter Minimal,
5601002354,Jaqueta Westfield Bege - G,81,⚠ REVISAR,
8301001184,Camiseta Bordo - G - GOLA V,81,Camiseta Minimal,
8302006016,Cinto Minimal Dupla Face Preto/Marrom 105,80,⚠ REVISAR,
8302001025,Calça Verão Marrom - 44,80,Calça (outra) ⚠,
8401001316,Camiseta Fitness ML Preta - XGG,79,Camiseta Fitness,
8304001026,Polo Tricot Verão 26 Marrom - XGG,79,Polo 1.0 ⚠ver versão,
5601002144,,79,⚠ SEM NOME,
8301003176,Short Nadar 2023 Verde Garrafa - 46,79,⚠ REVISAR,
8302015053,Camiseta Gola Alta Pima Manga Curta M Bege,79,Camiseta Minimal,
9401001022,Camiseta 2.0 Branca - P,79,Camiseta Minimal,
8401002324,Camiseta Fitness ML Branco & Preto - G,79,Camiseta Fitness,
4601001124,,79,⚠ SEM NOME,
8501001022,Camiseta Linho Branca - P,79,Camiseta Minimal,
8303006016,Tênis Casual Preto - 43,79,⚠ REVISAR,
8302007127,Camisa Polo 2.0 Branca - XXGG,79,Polo 2.0,
5601001255,Suéter Tricot Bege - GG,79,Suéter Minimal,
8501001044,Camiseta Linho Azul - G,79,Camiseta Minimal,
5601002112,,78,⚠ SEM NOME,
5601001275,Suéter Tricot Verde Militar - GG,77,Suéter Minimal,
5601002344,Jaqueta Westfield Azul Marinho - G,77,⚠ REVISAR,
8503002154,Bermuda Verão Bege - G,77,⚠ REVISAR,
5601002322,Jaqueta Westfield Marrom - P,77,⚠ REVISAR,
8302016023,Camiseta Gola Alta Pima Manga Longa M Branca,77,Camiseta Manga Longa ⚠,
9401001011,Camiseta 2.0 PP Preta,77,Camiseta Minimal,
8302005011,Bermuda Alfaiataria Preta 38,75,Calça Alfaiataria,
4601001123,,75,⚠ SEM NOME,
8302006127,,75,⚠ SEM NOME,
8302016053,Camiseta Gola Alta Pima Manga Longa M Marrom,75,Camiseta Manga Longa ⚠,
8501002045,Camisa Linho Azul Marinho - GG,75,Camisa (outra) ⚠,
8302006012,Cinto Minimal Dupla Face Preto/Marrom 85,74,⚠ REVISAR,
8503002175,Bermuda Verão Verde - GG,74,⚠ REVISAR,
8301003346,Short Nadar Azul Marinho - XGG,74,⚠ REVISAR,
8302001054,Calça Verão Areia - 42,74,Calça (outra) ⚠,
8502001144,,74,⚠ SEM NOME,
8881001023,,73,⚠ SEM NOME,
8301003316,Short Nadar Preto - XGG,73,⚠ REVISAR,
8501002023,Camisa Linho Branca - M,73,Camisa (outra) ⚠,
8501001024,Camiseta Linho Branca - G,73,Camiseta Minimal,
4601001024,,73,⚠ SEM NOME,
8302015035,Camiseta Gola Alta Pima Manga Curta GG Marinho,73,Camiseta Minimal,
8301001193,Camiseta Mescla - M - GOLA V,73,Camiseta Minimal,
8302016054,Camiseta Gola Alta Pima Manga Longa G Marrom,72,Camiseta Manga Longa ⚠,
8302015025,Camiseta Gola Alta Pima Manga Curta GG Branca,72,Camiseta Minimal,
8302016012,Camiseta Gola Alta Pima Manga Longa P Preta,72,Camiseta Manga Longa ⚠,
8503002174,Bermuda Verão Verde - G,72,⚠ REVISAR,
8302001024,Calça Verão Marrom - 42,72,Calça (outra) ⚠,
8301001421,Camiseta ML Branca - PP - GOLA V,72,Camiseta Manga Longa ⚠,
8301003142,Short Nadar 2023 Azul - 38,72,⚠ REVISAR,
8301003342,Short Nadar Azul Marinho - P,71,⚠ REVISAR,
5601001016,Pijama Modal Preto - XGG,71,⚠ REVISAR,
5601001272,Suéter Tricot Verde Militar - P,71,Suéter Minimal,
5601002325,Jaqueta Westfield Marrom - GG,70,⚠ REVISAR,
4701001124,,70,⚠ SEM NOME,
8304001066,Polo Tricot Verão 26 Off White - XGG,70,Polo 1.0 ⚠ver versão,
8303006065,Tênis Casual Off White - 42,70,⚠ REVISAR,
8401003132,Short Academia Minimal P Cinza,70,⚠ REVISAR,
8302016024,Camiseta Gola Alta Pima Manga Longa G Branca,69,Camiseta Manga Longa ⚠,
8883001042,Overshirt Azul Petróleo P,68,Overshirt,
4601001023,,68,⚠ SEM NOME,
4601001012,,68,⚠ SEM NOME,
8304001076,Polo Tricot Verão 26 Verde - XGG,68,Polo 1.0 ⚠ver versão,
8301007474,Calça Essential Verde - 42,68,Calça (outra) ⚠,
8883001076,Overshirt Verde XGG,68,Overshirt,
8302005126,Camisa Polo Minimal 1.0,68,Polo 1.0 ⚠ver versão,
8301003146,Short Nadar 2023 Azul - 46,67,⚠ REVISAR,
8501001142,Camisa Linho Azul 2024 - P,66,Camisa (outra) ⚠,
5601001265,Suéter Tricot Azul Claro - GG,66,Suéter Minimal,
8301001427,Camiseta ML Branca - XXGG - GOLA V,66,Camiseta Manga Longa ⚠,
8302005021,Bermuda Alfaiataria Caqui 38,66,Calça Alfaiataria,
8501001055,Camisa Linho Bege - GG,66,Camisa (outra) ⚠,
4601001112,,66,⚠ SEM NOME,
8302006343,Camisa Polo ML Azul Marinho - M,65,Polo 1.0 ⚠ver versão,
8301001194,Camiseta Mescla - G - GOLA V,65,Camiseta Minimal,
8301003246,Short Nadar Azul Candy - 46,65,⚠ REVISAR,
5601001012,Pijama Modal Preto - P,65,⚠ REVISAR,
8501003024,Bermuda Linho Branca - G,64,⚠ REVISAR,
8503002155,Bermuda Verão Bege - GG,64,⚠ REVISAR,
8302006017,Cinto Minimal Dupla Face Preto/Marrom 110,64,⚠ REVISAR,
9401001017,Camiseta 2.0 XXGG Preta,64,Camiseta Minimal,
5601002435,Jaqueta Essential Cinza Chumbo - GG,64,⚠ REVISAR,
5601001352,Suéter Classic Bege - P,63,Suéter Minimal,
8502001184,,63,⚠ SEM NOME,
8503002153,Bermuda Verão Bege - M,62,⚠ REVISAR,
8301003015,Bermuda Minimal Preta - GG,62,⚠ REVISAR,
8501001043,Camiseta Linho Azul - M,62,Camiseta Minimal,
8302015016,Camiseta Gola Alta Pima Manga Curta XGG Preta,62,Camiseta Minimal,
8303006064,Tênis Casual Off White - 41,61,⚠ REVISAR,
8401002323,Camiseta Fitness ML Branco & Preto - M,61,Camiseta Fitness,
8302005031,Bermuda Alfaiataria Azul Marinho 38,60,Calça Alfaiataria,
8302006313,Camisa Polo ML Preta - M,60,Polo 1.0 ⚠ver versão,
8301007053,Calça Comfort 42 Caqui,60,Calça Comfort,
4602002016,Calça Jeans 2.0 Black 48,60,Calça Jeans ⚠1.0/2.0?,
4602002011,Calça Jeans 2.0 Black 38,59,Calça Jeans ⚠1.0/2.0?,
8502001153,,59,⚠ SEM NOME,
5601001355,Suéter Classic Bege - GG,59,Suéter Minimal,
8303003046,Camiseta Terracota - XGG,58,Camiseta Minimal,
CamiseAnjosFrach04,,58,⚠ SEM NOME,
8301007442,Calça Essential Azul Marinho - 38,58,Calça (outra) ⚠,
8301007473,Calça Essential Verde - 40,58,Calça (outra) ⚠,
5601002446,Jaqueta Essential Azul Marinho - XGG,57,⚠ REVISAR,
8301007072,Calça Comfort 40 Verde,57,Calça Comfort,
8302016035,Camiseta Gola Alta Pima Manga Longa GG Marinho,57,Camiseta Manga Longa ⚠,
8401003036,Bermuda Fitness Cinza - XGG,57,⚠ REVISAR,
4701001123,,57,⚠ SEM NOME,
8501001052,Camisa Linho Bege - P,56,Camisa (outra) ⚠,
8301007446,Calça Essential Azul Marinho - 46,56,Calça (outra) ⚠,
8302005026,Bermuda Alfaiataria Caqui 48,56,Calça Alfaiataria,
5601001262,Suéter Tricot Azul Claro - P,55,Suéter Minimal,
8301007436,Calça Essential Cinza Chumbo - 46,55,Calça (outra) ⚠,
8501002075,Camisa Linho Verde - GG,55,Camisa (outra) ⚠,
8401001325,Camiseta Fitness ML Branca - GG,55,Camiseta Fitness,
8883001061,Overshirt Off-White PP,55,Overshirt,
8502001155,,55,⚠ SEM NOME,
8401001311,Camiseta Fitness ML Preta - PP,55,Camiseta Fitness,
8301007432,Calça Essential Cinza Chumbo - 38,54,Calça (outra) ⚠,
8501003074,Bermuda Linho Verde - G,54,⚠ REVISAR,
5601001325,Suéter Classic Marrom - GG,54,Suéter Minimal,
8301007054,Calça Comfort 44 Caqui,54,Calça Comfort,
8501002073,Camisa Linho Verde - M,53,Camisa (outra) ⚠,
8302015022,Camiseta Gola Alta Pima Manga Curta P Branca,53,Camiseta Minimal,
CamiseAnjosFrach03,,53,⚠ SEM NOME,
5601002212,Jaqueta Bomber Preta - P,53,⚠ REVISAR,
8303003041,Camiseta Terracota - PP,52,Camiseta Minimal,
8302005222,Camisa Social Malha Branca P,52,Camisa Social ⚠Tech/Malha?,
5601001236,Suéter Tricot Cinza - XGG,52,Suéter Minimal,
5601001216,Suéter Tricot Preto - XGG,52,Suéter Minimal,
8301003236,Short Nadar Areia - 46,52,⚠ REVISAR,
5601001322,Suéter Classic Marrom - P,52,Suéter Minimal,
8301005174,Camisa Social G Verde,51,Camisa Social ⚠Tech/Malha?,
5601002242,Jaqueta Bomber Azul - P,51,⚠ REVISAR,
8501001025,Camiseta Linho Branca - GG,51,Camiseta Minimal,
8303003047,Camiseta Terracota - XXGG,51,Camiseta Minimal,
5601001017,Pijama Modal Preto - XXGG,50,⚠ REVISAR,
8303004222,Kit 3x Pares Meia Cano Alto Branca 39-43,50,Meia Minimal,
8301001182,Camiseta Bordo - P - GOLA V,50,Camiseta Minimal,
8302016016,Camiseta Gola Alta Pima Manga Longa XGG Preta,49,Camiseta Manga Longa ⚠,
8501001042,Camiseta Linho Azul - P,49,Camiseta Minimal,
8301003172,Short Nadar 2023 Verde Garrafa - 38,48,⚠ REVISAR,
9301001326,Camiseta ML Branca GT - XGG,48,Camiseta Manga Longa ⚠,
8501002025,Camisa Linho Branca - GG,48,Camisa (outra) ⚠,
8501002042,Camisa Linho Azul Marinho - P,48,Camisa (outra) ⚠,
caixainflu,Caixa Influenciador,48,⚠ REVISAR,
8303004022,Kit 3x Pares Meia Cano Curto Branca 39-43,48,Meia Minimal,
8401002325,Camiseta Fitness ML Branco & Preto - GG,47,Camiseta Fitness,
8301007075,Calça Comfort 46 Verde,47,Calça Comfort,
8501001073,Camiseta Linho Verde Garrafa - M,47,Camiseta Minimal,
8302015011,Camiseta Gola Alta Pima Manga Curta PP Preta,47,Camiseta Minimal,
8501003023,Bermuda Linho Branca - M,47,⚠ REVISAR,
8302015055,Camiseta Gola Alta Pima Manga Curta GG Bege,47,Camiseta Minimal,
8302005226,Camisa Social Malha Branca XGG,46,Camisa Social ⚠Tech/Malha?,
8302006315,Camisa Polo ML Preta - GG,46,Polo 1.0 ⚠ver versão,
8302005111,,46,⚠ SEM NOME,
5601002272,Jaqueta Bomber Verde - P,46,⚠ REVISAR,
CamiseAnjosFrach10,,45,⚠ SEM NOME,
5601002134,,45,⚠ SEM NOME,
8503002173,Bermuda Verão Verde - M,45,⚠ REVISAR,
8302006345,Camisa Polo ML Azul Marinho - GG,45,Polo 1.0 ⚠ver versão,
5601001246,Suéter Tricot Azul Marinho - XGG,45,Suéter Minimal,
8501003073,Bermuda Linho Verde - M,45,⚠ REVISAR,
8501001085,Camisa Linho Goiaba - GG,44,Camisa (outra) ⚠,
9301001423,Camiseta ML Branca GT - M - GOLA V,44,Camiseta Manga Longa ⚠,
8303006063,Tênis Casual Off White - 40,44,⚠ REVISAR,
5601002342,Jaqueta Westfield Azul Marinho - P,44,⚠ REVISAR,
8303006012,Tênis Casual Preto - 39,44,⚠ REVISAR,
8883001046,Overshirt Azul Petróleo XGG,44,Overshirt,
8302005036,Bermuda Alfaiataria Azul Marinho 48,44,Calça Alfaiataria,
8502001145,,43,⚠ SEM NOME,
8302001053,Calça Verão Areia - 40,43,Calça (outra) ⚠,
5601002143,,43,⚠ SEM NOME,
5601001346,Suéter Classic Azul Marinho - XGG,43,Suéter Minimal,
8302016025,Camiseta Gola Alta Pima Manga Longa GG Branca,42,Camiseta Manga Longa ⚠,
8301005134,Camisa Social G Cinza,42,Camisa Social ⚠Tech/Malha?,
4701001112,,42,⚠ SEM NOME,
8301003016,Bermuda Minimal Preta - XGG,42,⚠ REVISAR,
8301001192,Camiseta Mescla - P - GOLA V,42,Camiseta Minimal,
8301001067,Camiseta Off-White - XXGG,42,Camiseta Minimal,
CamiseAnjosFrach11,,42,⚠ SEM NOME,
8301003022,Bermuda Minimal Branca - P,41,⚠ REVISAR,
5601001276,Suéter Tricot Verde Militar - XGG,41,Suéter Minimal,
8501001143,Camisa Linho Azul 2024 - M,41,Camisa (outra) ⚠,
4601001116,,40,⚠ SEM NOME,
5601002436,Jaqueta Essential Cinza Chumbo - XGG,40,⚠ REVISAR,
8501001053,Camisa Linho Bege- M,40,Camisa (outra) ⚠,
5601002475,Jaqueta Essential Verde - GG,40,⚠ REVISAR,
8302016055,Camiseta Gola Alta Pima Manga Longa GG Marrom,40,Camiseta Manga Longa ⚠,
5601002133,,39,⚠ SEM NOME,
8302001023,Calça Verão Marrom - 40,39,Calça (outra) ⚠,
8302006312,Camisa Polo ML Preta - P,38,Polo 1.0 ⚠ver versão,
8301005173,Camisa Social M Verde,38,Camisa Social ⚠Tech/Malha?,
5601002345,Jaqueta Westfield Azul Marinho - GG,38,⚠ REVISAR,
8302005216,Camisa Social Malha Preta XGG,37,Camisa Social ⚠Tech/Malha?,
8301007475,Calça Essential Verde - 44,37,Calça (outra) ⚠,
8302006333,Camisa Polo ML Branca - M,37,Polo 1.0 ⚠ver versão,
8401001322,Camiseta Fitness ML Branca - P,37,Camiseta Fitness,
giftcard03,,37,⚠ SEM NOME,
8301003026,Bermuda Minimal Branca - XGG,36,⚠ REVISAR,
8883001071,Overshirt Verde PP,36,Overshirt,
8301003372,Short Nadar Verde Militar - P,36,⚠ REVISAR,
5601001256,Suéter Tricot Bege - XGG,36,Suéter Minimal,
8301001185,Camiseta Bordo - GG - GOLA V,36,Camiseta Minimal,
8401001317,Camiseta Fitness ML Preta - XXGG,36,Camiseta Fitness,
8302005016,Bermuda Alfaiataria Preta 48,36,Calça Alfaiataria,
8301003025,Bermuda Minimal Branca - GG,35,⚠ REVISAR,
8301003376,Short Nadar Verde Militar - XGG,35,⚠ REVISAR,
8301001177,,35,⚠ SEM NOME,
8301007052,Calça Comfort 40 Caqui,35,Calça Comfort,
8502001185,,35,⚠ SEM NOME,
8501001082,Camisa Linho Goiaba  - P,35,Camisa (outra) ⚠,
8501002046,Camisa Linho Azul Marinho - XGG,35,Camisa (outra) ⚠,
5601002326,Jaqueta Westfield Marrom - XGG,35,⚠ REVISAR,
8302005232,Camisa Social Malha Cinza P,35,Camisa Social ⚠Tech/Malha?,
8501003075,Bermuda Linho Verde - GG,35,⚠ REVISAR,
8302005242,Camisa Social Malha Azul Marinho P,35,Camisa Social ⚠Tech/Malha?,
8301001176,,34,⚠ SEM NOME,
8502001143,,34,⚠ SEM NOME,
8501002022,Camisa Linho Branca - P,34,Camisa (outra) ⚠,
4601001016,,34,⚠ SEM NOME,
8303006066,Tênis Casual Off White - 43,34,⚠ REVISAR,
8302006342,Camisa Polo ML Azul Marinho - P,34,Polo 1.0 ⚠ver versão,
8302015017,Camiseta Gola Alta Pima Manga Curta XXGG Preta,33,Camiseta Minimal,
8401001326,Camiseta Fitness ML Branca - XGG,33,Camiseta Fitness,
8501001072,Camiseta Linho Verde Garrafa - P,33,Camiseta Minimal,
8501003025,Bermuda Linho Branca - GG,33,⚠ REVISAR,
4701001116,,33,⚠ SEM NOME,
5601002472,Jaqueta Essential Verde - P,32,⚠ REVISAR,
5601002355,Jaqueta Westfield Bege - GG,32,⚠ REVISAR,
4701001115,,32,⚠ SEM NOME,
8302016032,Camiseta Gola Alta Pima Manga Longa P Marinho,32,Camiseta Manga Longa ⚠,
8301001171,,31,⚠ SEM NOME,
4601001025,,31,⚠ SEM NOME,
8302006334,Camisa Polo ML Branca - G,31,Polo 1.0 ⚠ver versão,
8302001056,Calça Verão Areia - 46,31,Calça (outra) ⚠,
5601002447,Jaqueta Essential Azul Marinho - XXGG,31,⚠ REVISAR,
8302005246,Camisa Social Malha Azul Marinho XGG,31,Camisa Social ⚠Tech/Malha?,
8501001083,Camisa Linho Goiaba - M,31,Camisa (outra) ⚠,
8883001041,Overshirt Azul Petróleo PP,31,Overshirt,
5601001356,Suéter Classic Bege - XGG,30,Suéter Minimal,
8301007437,Calça Essential Cinza Chumbo - 48,30,Calça (outra) ⚠,
8302015032,Camiseta Gola Alta Pima Manga Curta P Marinho,30,Camiseta Minimal,
8301001064,Camiseta Off-White - G,30,Camiseta Minimal,
5601001026,Pijama Modal Branco - XGG,30,⚠ REVISAR,
4601001125,,30,⚠ SEM NOME,
8501003026,Bermuda Linho Branca - XGG,30,⚠ REVISAR,
8501003072,Bermuda Linho Verde - P,30,⚠ REVISAR,
9301001421,Camiseta ML Branca GT - PP - GOLA V,30,Camiseta Manga Longa ⚠,
8302005212,Camisa Social Malha Preta P,29,Camisa Social ⚠Tech/Malha?,
5601001266,Suéter Tricot Azul Claro - XGG,29,Suéter Minimal,
8503002176,Bermuda Verão Verde - XGG,29,⚠ REVISAR,
4601001022,,29,⚠ SEM NOME,
5601001022,Pijama Modal Branco - P,29,⚠ REVISAR,
8301005133,Camisa Social M Cinza,29,Camisa Social ⚠Tech/Malha?,
8501001075,Camiseta Linho Verde Garrafa - GG,29,Camiseta Minimal,
4601001115,,29,⚠ SEM NOME,
8501003076,Bermuda Linho Verde - XGG,29,⚠ REVISAR,
CamiseAnjosFrach12,,29,⚠ SEM NOME,
8501001045,Camiseta Linho Azul - GG,28,Camiseta Minimal,
8502001152,,28,⚠ SEM NOME,
8302015021,Camiseta Gola Alta Pima Manga Curta PP Branca,28,Camiseta Minimal,
8302005127,Camisa Polo Minimal 1.0,28,Polo 1.0 ⚠ver versão,
5601002135,,28,⚠ SEM NOME,
5601002132,,27,⚠ SEM NOME,
8301001063,Camiseta Off-White - M,27,Camiseta Minimal,
8302015052,Camiseta Gola Alta Pima Manga Curta P Bege,27,Camiseta Minimal,
8501001086,Camisa Linho Goiaba - XGG,27,Camisa (outra) ⚠,
8301007076,Calça Comfort 48 Verde,26,Calça Comfort,
8301007472,Calça Essential Verde - 38,26,Calça (outra) ⚠,
5601001011,Pijama Modal Preto - PP,26,⚠ REVISAR,
8501003022,Bermuda Linho Branca - P,26,⚠ REVISAR,
8401001321,Camiseta Fitness ML Branca - PP,26,Camiseta Fitness,
4601001015,,26,⚠ SEM NOME,
CamiseAnjosFrach01,,26,⚠ SEM NOME,
8401002322,Camiseta Fitness ML Branco & Preto - P,25,Camiseta Fitness,
8302005147,Camisa Polo Minimal 1.0,25,Polo 1.0 ⚠ver versão,
8303006011,Tênis Casual Preto - 38,25,⚠ REVISAR,
4701001122,,25,⚠ SEM NOME,
8302015036,Camiseta Gola Alta Pima Manga Curta XGG Marinho,25,Camiseta Minimal,
5601002145,,24,⚠ SEM NOME,
8501001146,Camisa Linho Azul 2024 - XGG,24,Camisa (outra) ⚠,
8502001142,,24,⚠ SEM NOME,
8501002076,Camisa Linho Verde - XGG,24,Camisa (outra) ⚠,
8301001195,Camiseta Mescla - GG - GOLA V,24,Camiseta Minimal,
8301007055,Calça Comfort 46 Caqui,24,Calça Comfort,
8303004122,Kit 3x Pares Meia Invisível Branca 39-43,24,Meia Minimal,
5601002352,Jaqueta Westfield Bege - P,24,⚠ REVISAR,
5601001326,Suéter Classic Marrom - XGG,24,Suéter Minimal,
4601001126,,23,⚠ SEM NOME,
4601001122,,23,⚠ SEM NOME,
8501002026,Camisa Linho Branca - XGG,22,Camisa (outra) ⚠,
9301001327,Camiseta ML Branca GT - XXGG,22,Camiseta Manga Longa ⚠,
8301001187,Camiseta Bordo - XXGG - GOLA V,22,Camiseta Minimal,
8301005175,Camisa Social GG Verde,22,Camisa Social ⚠Tech/Malha?,
8302001026,Calça Verão Marrom - 46,22,Calça (outra) ⚠,
8502001146,,22,⚠ SEM NOME,
8302005121,,22,⚠ SEM NOME,
8301007071,Calça Comfort 38 Verde,21,Calça Comfort,
8303006062,Tênis Casual Off White - 39,21,⚠ REVISAR,
8301007447,Calça Essential Azul Marinho - 48,21,Calça (outra) ⚠,
8302005236,Camisa Social Malha Cinza XGG,21,Camisa Social ⚠Tech/Malha?,
5601002437,Jaqueta Essential Cinza Chumbo - XXGG,21,⚠ REVISAR,
8501001076,Camiseta Linho Verde Garrafa - XGG,21,Camiseta Minimal,
4701001126,,21,⚠ SEM NOME,
8301001196,Camiseta Mescla - XGG - GOLA V,21,Camiseta Minimal,
CamiseAnjosFrach02,,21,⚠ SEM NOME,
8301001164,Camiseta Off-White - G - GOLA V,21,Camiseta Minimal,
8302001052,Calça Verão Areia - 38,20,Calça (outra) ⚠,
8503002156,Bermuda Verão Bege - XGG,20,⚠ REVISAR,
9401001021,Camiseta 2.0 Branca - PP,20,Camiseta Minimal,
8302015031,Camiseta Gola Alta Pima Manga Curta PP Marinho,20,Camiseta Minimal,
8302005221,Camisa Social Malha Branca PP,20,Camisa Social ⚠Tech/Malha?,
5601002327,Jaqueta Westfield Marrom - XXGG,19,⚠ REVISAR,
8502001182,,19,⚠ SEM NOME,
8501002072,Camisa Linho Verde - P,19,Camisa (outra) ⚠,
8302016036,Camiseta Gola Alta Pima Manga Longa XGG Marinho,19,Camiseta Manga Longa ⚠,
8302006316,Camisa Polo ML Preta - XGG,19,Polo 1.0 ⚠ver versão,
8302006335,Camisa Polo ML Branca - GG,19,Polo 1.0 ⚠ver versão,
8301001186,Camiseta Bordo - XGG - GOLA V,19,Camiseta Minimal,
8302005141,,19,⚠ SEM NOME,
9401001026,Camiseta 2.0 Branca - XGG,19,Camiseta Minimal,
8302006346,Camisa Polo ML Azul Marinho - XGG,19,Polo 1.0 ⚠ver versão,
8302015026,Camiseta Gola Alta Pima Manga Curta XGG Branca,19,Camiseta Minimal,
8302016011,Camiseta Gola Alta Pima Manga Longa PP Preta,18,Camiseta Manga Longa ⚠,
8301005172,Camisa Social P Verde,18,Camisa Social ⚠Tech/Malha?,
8502001183,,18,⚠ SEM NOME,
8301005135,Camisa Social GG Cinza,18,Camisa Social ⚠Tech/Malha?,
8302016026,Camiseta Gola Alta Pima Manga Longa XGG Branca,18,Camiseta Manga Longa ⚠,
8302006332,Camisa Polo ML Branca - P,18,Polo 1.0 ⚠ver versão,
8502001156,,18,⚠ SEM NOME,
8302006347,Camisa Polo ML Azul Marinho - XXGG,18,Polo 1.0 ⚠ver versão,
8302016017,Camiseta Gola Alta Pima Manga Longa XXGG Preta,18,Camiseta Manga Longa ⚠,
4601001026,,17,⚠ SEM NOME,
sacolaG,,17,⚠ SEM NOME,
8501001026,Camiseta Linho Branca - XGG,17,Camiseta Minimal,
8302001022,Calça Verão Marrom - 38,17,Calça (outra) ⚠,
8302006317,Camisa Polo ML Preta - XXGG,17,Polo 1.0 ⚠ver versão,
8501001056,Camisa Linho Bege - XGG,16,Camisa (outra) ⚠,
8301001181,Camiseta Bordo - PP - GOLA V,16,Camiseta Minimal,
8301005132,Camisa Social P Cinza,16,Camisa Social ⚠Tech/Malha?,
8401002326,Camiseta Fitness ML Branco & Preto - XGG,16,Camiseta Fitness,
8302015056,Camiseta Gola Alta Pima Manga Curta XGG Bege,16,Camiseta Minimal,
8301007476,Calça Essential Verde - 46,15,Calça (outra) ⚠,
8401001327,Camiseta Fitness ML Branca - XXGG,15,Camiseta Fitness,
CamiseAnjosFrach05,,15,⚠ SEM NOME,
8302015037,Camiseta Gola Alta Pima Manga Curta XXGG Marinho,15,Camiseta Minimal,
8501001046,Camiseta Linho Azul - XGG,15,Camiseta Minimal,
5601002356,Jaqueta Westfield Bege - XGG,14,⚠ REVISAR,
8302007314,Camisetas Polo Manga Longa 2.0 G Preta,14,Polo 1.0 ⚠ver versão,
8302006311,Camisa Polo ML Preta - PP,14,Polo 1.0 ⚠ver versão,
8302007344,Camisetas Polo Manga Longa 2.0 G Azul,14,Polo 1.0 ⚠ver versão,
8302005241,Camisa Social Malha Azul Marinho PP,14,Camisa Social ⚠Tech/Malha?,
8302016037,Camiseta Gola Alta Pima Manga Longa XXGG Marinho,14,Camiseta Manga Longa ⚠,
8301001191,Camiseta Mescla - PP - GOLA V,14,Camiseta Minimal,
8302016022,Camiseta Gola Alta Pima Manga Longa P Branca,14,Camiseta Manga Longa ⚠,
4701001125,,14,⚠ SEM NOME,
8302004112,,13,⚠ SEM NOME,
5601002476,Jaqueta Essential Verde - XGG,13,⚠ REVISAR,
5601001021,Pijama Modal Branco - PP,13,⚠ REVISAR,
8301007056,Calça Comfort 48 Caqui,13,Calça Comfort,
8302007315,Camisetas Polo Manga Longa 2.0 GG Preta,13,Polo 1.0 ⚠ver versão,
8302016056,Camiseta Gola Alta Pima Manga Longa XGG Marrom,13,Camiseta Manga Longa ⚠,
8302016052,Camiseta Gola Alta Pima Manga Longa P Marrom,13,Camiseta Manga Longa ⚠,
5601002142,,13,⚠ SEM NOME,
5601002347,Jaqueta Westfield Azul Marinho - XXGG,13,⚠ REVISAR,
8302015051,Camiseta Gola Alta Pima Manga Curta PP Bege,13,Camiseta Minimal,
8503002172,Bermuda Verão Verde - P,12,⚠ REVISAR,
8302015027,Camiseta Gola Alta Pima Manga Curta XXGG Branca,12,Camiseta Minimal,
8302006341,Camisa Polo ML Azul Marinho - PP,12,Polo 1.0 ⚠ver versão,
CamiseAnjosFrach08,,12,⚠ SEM NOME,
CamiseAnjosFrach09,,12,⚠ SEM NOME,
8301001062,Camiseta Off-White - P,12,Camiseta Minimal,
8302006336,Camisa Polo ML Branca - XGG,12,Polo 1.0 ⚠ver versão,
8401002327,Camiseta Fitness ML Branco & Preto - XXGG,12,Camiseta Fitness,
8302007342,Camisetas Polo Manga Longa 2.0 P Azul,11,Polo 1.0 ⚠ver versão,
8303006061,Tênis Casual Off White - 38,11,⚠ REVISAR,
9301001422,Camiseta ML Branca GT - P - GOLA V,11,Camiseta Manga Longa ⚠,
8502001186,,11,⚠ SEM NOME,
8302005231,Camisa Social Malha Cinza PP,11,Camisa Social ⚠Tech/Malha?,
8301001197,Camiseta Mescla - XXGG - GOLA V,11,Camiseta Minimal,
8301007051,Calça Comfort 38 Caqui,11,Calça Comfort,
9301001427,Camiseta ML Branca GT - XXGG - GOLA V,10,Camiseta Manga Longa ⚠,
8302005211,Camisa Social Malha Preta PP,10,Camisa Social ⚠Tech/Malha?,
5601002346,Jaqueta Westfield Azul Marinho - XGG,10,⚠ REVISAR,
8302016057,Camiseta Gola Alta Pima Manga Longa XXGG Marrom,10,Camiseta Manga Longa ⚠,
8301005136,Camisa Social XGG Cinza,10,Camisa Social ⚠Tech/Malha?,
8302016051,Camiseta Gola Alta Pima Manga Longa PP Marrom,10,Camiseta Manga Longa ⚠,
8302016031,Camiseta Gola Alta Pima Manga Longa PP Marinho,10,Camiseta Manga Longa ⚠,
8302007313,Camisetas Polo Manga Longa 2.0 M Preta,10,Polo 1.0 ⚠ver versão,
8301001065,Camiseta Off-White - GG,9,Camiseta Minimal,
8301005176,Camisa Social XGG Verde,9,Camisa Social ⚠Tech/Malha?,
5601001027,Pijama Modal Branco - XXGG,9,⚠ REVISAR,
83010023,,9,⚠ SEM NOME,
8302007013,Bermuda Comfort Preta 42,8,Calça Comfort,
8503002152,Bermuda Verão Bege - P,8,⚠ REVISAR,
8302007024,Bermuda Comfort Caqui 44,8,Calça Comfort,
8301001163,Camiseta Off-White - M GOLA V,8,Camiseta Minimal,
8302007312,Camisetas Polo Manga Longa 2.0 P Preta,8,Polo 1.0 ⚠ver versão,
8302016021,Camiseta Gola Alta Pima Manga Longa PP Branca,8,Camiseta Manga Longa ⚠,
8302007022,Bermuda Comfort Caqui 40,8,Calça Comfort,
8302007014,Bermuda Comfort Preta 44,7,Calça Comfort,
5601002477,Jaqueta Essential Verde - XXGG,7,⚠ REVISAR,
8302007012,Bermuda Comfort Preta 40,7,Calça Comfort,
8401002321,Camiseta Fitness ML Branco & Preto - PP,7,Camiseta Fitness,
8302007023,Bermuda Comfort Caqui 42,7,Calça Comfort,
8302006331,Camisa Polo ML Branca - PP,6,Polo 1.0 ⚠ver versão,
5601002357,Jaqueta Westfield Bege - XXGG,6,⚠ REVISAR,
8302015057,Camiseta Gola Alta Pima Manga Curta XXGG Bege,6,Camiseta Minimal,
8301001061,Camiseta Off-White - PP,6,Camiseta Minimal,
9301001424,Camiseta ML Branca GT - G - GOLA V,6,Camiseta Manga Longa ⚠,
8302007343,Camisetas Polo Manga Longa 2.0 M Azul,6,Polo 1.0 ⚠ver versão,
8302007033,Bermuda Comfort Azul 42,6,Calça Comfort,
CamiseAnjosFrach07,,6,⚠ SEM NOME,
8302007073,Bermuda Comfort Verde 42,6,Calça Comfort,
8302007036,Bermuda Comfort Azul 468,6,Calça Comfort,
8301007477,Calça Essential Verde - 48,5,Calça (outra) ⚠,
giftcard01,,5,⚠ SEM NOME,
8302016027,Camiseta Gola Alta Pima Manga Longa XXGG Branca,5,Camiseta Manga Longa ⚠,
8301001066,Camiseta Off-White - XGG,5,Camiseta Minimal,
8302007016,Bermuda Comfort Preta 468,5,Calça Comfort,
8302007021,Bermuda Comfort Caqui 38,5,Calça Comfort,
8302007034,Bermuda Comfort Azul 44,5,Calça Comfort,
Bege163,,4,⚠ SEM NOME,
Kit2xperfumeMcare,,4,⚠ SEM NOME,
8302007035,Bermuda Comfort Azul 46,4,Calça Comfort,
8302007316,Camisetas Polo Manga Longa 2.0 XGG Preta,4,Polo 1.0 ⚠ver versão,
8302007025,Bermuda Comfort Caqui 46,4,Calça Comfort,
9401001027,Camiseta 2.0 Branca - XXGG,4,Camiseta Minimal,
8302007345,Camisetas Polo Manga Longa 2.0 GG Azul,4,Polo 1.0 ⚠ver versão,
9301001426,Camiseta ML Branca GT - XGG - GOLA V,3,Camiseta Manga Longa ⚠,
8302007346,Camisetas Polo Manga Longa 2.0 XGG Azul,3,Polo 1.0 ⚠ver versão,
8302007334,Camisetas Polo Manga Longa 2.0 G Branca,3,Polo 1.0 ⚠ver versão,
8301001162,Camiseta Off-White - P - GOLA V,3,Camiseta Minimal,
8302007026,Bermuda Comfort Caqui 48,3,Calça Comfort,
8302006337,Camisa Polo ML Branca - XXGG,3,Polo 1.0 ⚠ver versão,
8302007332,Camisetas Polo Manga Longa 2.0 P Branca,3,Polo 1.0 ⚠ver versão,
8302007074,Bermuda Comfort Verde 44,3,Calça Comfort,
8302007032,Bermuda Comfort Azul 40,3,Calça Comfort,
CamiseAnjosFrach13,,2,⚠ SEM NOME,
8302007011,Bermuda Comfort Preta 38,2,Calça Comfort,
pvcamisetanova20,,2,⚠ SEM NOME,
pvcamisetanova24,,2,⚠ SEM NOME,
8302007072,Bermuda Comfort Verde 40,2,Calça Comfort,
8302007333,Camisetas Polo Manga Longa 2.0 M Branca,2,Polo 1.0 ⚠ver versão,
Bege175,,2,⚠ SEM NOME,
8302007015,Bermuda Comfort Preta 46,2,Calça Comfort,
CamiseAnjosFrach06,,1,⚠ SEM NOME,
8301001161,Camiseta Off-White - PP - GOLA V,1,Camiseta Minimal,
8302007031,Bermuda Comfort Azul 38,1,Calça Comfort,
8301001166,Camiseta Off-White - XGG - GOLA V,1,Camiseta Minimal,
giftcard02,,1,⚠ SEM NOME,
8301001167,Camiseta Off-White - XXGG - GOLA V,1,Camiseta Minimal,
pvcamisetanova17,,1,⚠ SEM NOME,
8302007317,Camisetas Polo Manga Longa 2.0 XXGG Preta,1,Polo 1.0 ⚠ver versão,
pvcamisetanova22,,1,⚠ SEM NOME,
8302007076,Bermuda Comfort Verde 48,1,Calça Comfort,
8302007075,Bermuda Comfort Verde 46,1,Calça Comfort,
8302007335,Camisetas Polo Manga Longa 2.0 GG Branca,1,Polo 1.0 ⚠ver versão,
